{"options":{"validator":{"$jsonSchema":{"bsonType":"object","required":["email"],"properties":{"email":{"bsonType":"string","pattern":"^[a-zA-Z0-9._%+-]+@[a-zA-Z0-9.-]+\\.[a-zA-Z]{2,}$","description":"adres e-mail jest niepoprawny"}}}},"validationLevel":"strict","validationAction":"error"},"indexes":[{"v":{"$numberInt":"2"},"key":{"_id":{"$numberInt":"1"}},"name":"_id_"},{"v":{"$numberInt":"2"},"key":{"login":{"$numberInt":"1"}},"name":"login_1","background":true,"unique":true}],"uuid":"770ed902343c4a118ff0281e26b33262","collectionName":"users","type":"collection"}